求人年度,求人番号,受付安定所,事業所番号,インターネットへの公開,事業所名 カナ,事業所名,郵便番号（所在地）,住所（所在地）,アクセス（所在地）,代表者名,法人番号,ホームページ,従業員数（企業全体）,従業員数（就業場所）,設立,資本金,事業内容,会社の特長,雇用形態,職種,仕事の内容,郵便番号（就業場所）,住所（就業場所）,アクセス（就業場所）,求人数（通勤）,求人数（住込）,求人数（不問）,必要な知識・技能等,転勤の可能性,入居可能住宅（単身用）,入居可能住宅（世帯用）,基本給,月給（基本給+手当+残業代）,賞与有無（新卒）,休日等,年間休日数,複数応募の受け入れ,複数応募開始の日程,職場見学の受け入れ,職場見学の日程,課係名・役職名（担当者）,氏名（担当者）,氏名カナ（担当者）,電話番号（担当者）,FAX（担当者）,Eメール（担当者）,補足事項,特記事項,産業分類,職業分類（3桁）,職業分類（5桁）,職業分類2（3桁）,職業分類2（5桁）,就業場所住所（市区町村）,就業場所住所2（市区町村）,就業場所住所3（市区町村）,管理番号,対象学科,エリア,卒業生の入社実績,その他の分類,募集人数,来校の有無,二次募集の有無,職場見学人数,応募人数,入社人数,備考,申送り事項,公開日時,最終更新日時,登録方法,元ファイル名,職業分類（ハローワーク）大分類,職業分類（ハローワーク）中分類,職業分類（ハローワーク）小分類,職業分類（handy）大分類,職業分類（handy）中分類,職業分類2（ハローワーク）大分類,職業分類2（ハローワーク）中分類,職業分類2（ハローワーク）小分類,職業分類2（handy）大分類,職業分類2（handy）中分類,お気に入り登録数
2025,33030-557459,倉敷中央公共職業安定所,3303-617388-0,可,オオハラコウギョウ カブシキガイシャ,大原工業 株式会社,712-8052,岡山県倉敷市松江 1-14-1,水島臨海鉄道 水島駅 から 徒歩32分,"代表取締役社長
大原 拓治",8260002024575,http://www.oohara-kougyou.jp,8,8,平成18年,"1,000万円",官民を問わず各種設備等の配管を、自社工場での製作から現地にお ける取り付けまでを一貫して行っています。建設工事、メンテナン ス等の需要による出張工事にも全国区で対応しています。,僅か3名のメンバーで創業してから25年が経ち、現在では上場企 業のお客様からも直接お仕事を頂けるまでに成長して参りました。 まだまだ成長途中、新たなメンバーの力を求めています。,正社員,"配管の製作·取付工事に対する管理·監督者
(プラント建設業における配管工事)","【日常業務:主に、事務所内】 施工計画の下、各種資料を活用し製作作業の現状把握と進捗管理を行います。 製作中の諸問題について、確認作業とその対応をしていただきます。 協力会社への指示や各種段取り、資材発注なども担当していただきます。
【取付時:現地作業場】 作業班へ指示を伝え、陣頭指揮をとる立場になります。 安全管理、品質管理などにも注力し、施工計画を完工へ導きます。 *変更範囲:変更なし",712-8052,岡山県倉敷市松江1-14-1,水島臨海鉄道 水島駅 から 徒歩32分,2,0,1,"必須
普通自動車運転免許  (AT限定可·取得見込でもOKです。) ",なし,あり,なし,200000,200000,あり,土日 その他,120,可,令和7年11月1日以降,可,随時,総務課,山本 真矢,ヤマモト シンヤ,086-441-2284,086-441-2294,yamamoto@oohara-kougyou.jp,"·質の高い人材確保及び活用を図る観点から、 『女性の力』も積極的に活用するため、女性社員の採用の拡大に 目を向けて職場の改善及び既存社員の意識改革を行っています。 ⇒女子トイレの設置、育児·介護休業規定等の採用等
·当社には性別に関わらず、意欲と能力に応じて 全ての社員一人ひとりが仕事に『誇り』と『やりがい』をもって 活躍できる幅広いフィールド (業務内容) があります。","·入社後は職種に応じて、 様々な研修に参加して経験を積んでいきます。 ·会社と仕事に少しづつ慣れて頂ける様、各種教育·技術的指導 資格取得等のサポートを行っています。 ·賞与は一年に2回と、決算賞与あり。  (会社業績による) 
·育児、介護休暇の取得実績あり。  (家庭と仕事の両立) 
·高校既卒者の応募可  (卒業後概ね5年以内、中退者の応募可) 
·出張工事あり  (出張手当:2,000/日、食事手当:1,500/日) 
·入社日:令和8年4月1日 ·試用期間有り (3ヶ月·同条件) ",083,008,008-02,008,008-03,岡山県倉敷市,,,門方怀988-2,,,,,,,,,,,,,2025年10月27日 17:51,2025年10月27日 17:51,PDFアップロード,20251027171511-5.pdf,研究・技術の職業,建築・土木・測量技術者,建築施工管理技術者,建設/建築/土木に関わる,その他(建設/建築/土木に関わる),研究・技術の職業,建築・土木・測量技術者,建築技術者（設計・施工管理を除く）,建設/建築/土木に関わる,その他(建設/建築/土木に関わる),0
2025,26020-459459,京都七条公共職業安定所,2602-63165-6,可,カブシキガイシャ オクタニグミ,株式会社 奥谷組,601-8308,京都府京都市南区吉祥院向田東町8,JR 西大路駅 から 徒歩15分,"代表取締役
千田 真由美",9130001010209,https://www.okutanigumi.jp,59,59,明治6年,"5,000万円",神社仏閣建築の設計施工,"する。何百年と長く残る建物が中心なので、よりよい仕事を後世に
残していく様重点を置いている。
原木の製材より現寸引き·加工·取付等一貫した木工直営を特色と",正社員,堂宮大工,"神社仏閣建築工事に伴う堂宮大工工事を行います。
神社仏閣の新築工事や国宝·重要文化財などの解体修理·修復など200年· 300年と永く残る建築物の施工を行います。
京都の工場にて加工 (原寸作成→木造り→墨付け→刻み→仕上げ) し、全国各 地の現場にて建方を行います。
※設備:大型ランニングプレーナー·自動プレーナー4台·油圧角ノミ大型 1台·ホイスト7台·製材帯鋸機2台·その他各種機械
変更範囲:変更なし",601-8308,京都府京都市南区吉祥院向田東町8,JR 西大路駅 から 徒歩15分,0,0,4,必須 建築科,なし,あり,なし,207360,207360,あり,日祝 その他,105,不可,,可,隨時,総務部,千田 飄紗子,センダ リサコ,075-313-6533,075-312-8417,,"<事業内容>
神社仏閣建築 (設計·施工) の新築及び国宝·重要文化財などの解 体修理·修復など、200年·300年と永く残る建築物の設計· 施工を行う。
 (令和6年施工例:北野天満宮· 教王護国寺 (東寺)  · 東本願寺 · 西本願寺 · 下鴨神社 · 上賀茂神社 · 廣徳院 · 知恩院等) 
※最大付与有給休暇日数:20日","※マイカー·バイク·自転車通勤:可·駐車場有·無料 ※入居可能住宅:1人 (7置) ·勤務先まで1分 ·無料 ※食費補助あり
※体力測定:握力·反復横跳び·前屈·上体おこし ※月額概算=日給9,600円×21. 6日分で計算しています。
※職場見学を希望される場合は、隨時個別に対応致しますので、ご 連絡下さい。ただし応募前の職場見学は必須条件ではありません。 ※面接後選考結果通知までの日数に土日祝は含みません。 ※作文タイトル:選考日にお知らせします。
※賃金から控除する額33,657円 手取額173,703円",065,,,,,京都府京都市南区,,,987-2,,,,,,,,,,,,,2025年10月27日 17:51,2025年10月27日 17:51,PDFアップロード,20251027171511-3.pdf,,,,,,,,,,,0
2025,26020-460659,京都七条公共職業安定所,2602-63165-6,可,カブシキガイシャ オクタニグミ,株式会社 奥谷組,601-8308,京都府京都市南区吉祥院向田東町8,JR 西大路駅 から 徒歩15分,"代表取締役
千田 真由美",9130001010209,https://www.okutanigumi.jp,59,59,明治6年,"5,000万円",神社仏閣建築の設計施工,原木の製材より現寸引き·加工·取付等一貫した木工直営を特色と する。何百年と長く残る建物が中心なので、よりよい仕事を後世に 残していく様重点を置いている。,正社員,建築技術者(施工管理·設計),"神社仏閣の設計もしくは施工管理を行います。 神社仏閣建築の新築工事や国宝·重要文化財などの解体修理·修復など、20 0年·300年と永く残る建築物の設計·施工を行います。 【設計]は、建物の設計や工事監理などを担当します。
【施工管理】は、現場を監督し、人·労力·方法·機械·資材·資金等の施工
手段を選定、施工計画を立て、適切な品質の施工の為に、品質·工程·現場· 安全管理を担当します。 どちらも入社後は、新人研修後、配属、各業務を先輩社員の指導のもと行いま す。 変更範囲:変更なし",601-8308,京都府京都市南区吉祥院向田東町8,JR 西大路駅 から 徒歩15分,0,0,2,"必須
建築科",なし,あり,なし,225000,225000,あり,日祝 その他,105,不可,,可,随時,総務部,千田 麗紗子,センダ リサコ,075-313-6533,075-312-8417,,"<手当> 通勤手当、住宅手当、資格手当他 <事業内容> 神社仏閣建築 (設計·施工) の新築及び国宝·重要文化財などの解 体修理·修復など、200年·300年と永く残る建築物の設計· 施工を行う。
 (令和6年施工例:北野天満宮 ·教王護国寺 (東寺)  · 東本願寺 · 西本願寺 · 下鴨神社·上賀茂神社 · 廣德院 · 知恩院等)  ※最大付与有給休暇日数:20日","※マイカー·バイク·自転車通勤:可·駐車場有·無料 ※入居可能住宅:1人 (7畳) ·勤務先まで1分 ·無料 ※食費補助あり ※体力測定:握力·反復横跳び·前屈·上体おこし ※エクセル·ワード等の基本的なソフト及びCADを使用します。 ※戦場見学を希望される場合は、随時個別に対応致しますので、ご 連絡下さい。ただし応募前の職場見学は必須条件ではありません。 ※面接後選考結果通知までの日数に土日祝は含みません。 ※作文タイトル:選考日にお知らせします。 ※賃金から控除する額37,105円 手取額187,895円",065,008,008-01,008,008-02,京都府京都市南区,,,987-1,,,,,,,,,,,,,2025年10月27日 17:51,2025年10月27日 17:51,PDFアップロード,20251027171511-2.pdf,研究・技術の職業,建築・土木・測量技術者,建築設計技術者,建設/建築/土木に関わる,その他(建設/建築/土木に関わる),研究・技術の職業,建築・土木・測量技術者,建築施工管理技術者,建設/建築/土木に関わる,その他(建設/建築/土木に関わる),0
2025,13080-945159,新宿公共職業安定所,1308-305208-5,可,カブシキガイシャ マルケンコウギョウ,株式会社 丸建興業,167-0022,東京都杉並区下井草3丁目2-1,西武新宿線·下井草駅 から 徒歩10分,"代表取締役社長
菅原 敬介",6011301006745,http://www.maruken-kougyou.co.jp,40,33,昭和43年,1億円,基礎工事 (杭引抜工事、地中障害撤去工事、山留杭打抜工事)  建設機械 (移動式クレーン·基礎機械·油圧ショベル等)  を使用 して施工を行う専門工事会社です。,挑戦を楽しもう!私たちは「本気」の人を求めています。設立56 年が経過し、若い社員もますます増えてきました。社員のやりがい と笑顔を大切に、未来への挑戦を楽しめる会社を目指しています。,正社員,【技術職】建物の基盤になる杭を抜くお仕事,"【安全で確実な工事力でお客様に『満足』していただき『感謝』される会社】 弊社は創業57年の建築·土木における基礎工事の専門工事会社です。 <重機オペレーター>
杭打機、杭抜機、移動式クレーン、油圧ショベル等の大型重機の運転 <施エスタッフ>
重機誘導合図、クレーンの玉掛等の現場作業への従事
<建設機械整備スタッフ>
建設機械 (移動式クレーン、油圧ショベル、基礎機械) 等のメンテナンス業務
及び管理業務
変更範囲:なし",167-0022,東京都杉並区下井草3丁目2-1 *国内各現場 (主に関東近郊)  【HP参照】,西武新宿線:下井草駅 から 徒歩10分,3,2,0,"あれば尚可
· 普通自動車免許
· 準中型免許",なし,あり,なし,170000,253000,あり,日祝 その他,110,可,令和7年10月1日以降,可,随時,人事採用担当,有山 淳二,アリヤマ ジュンジ,03-3395-3261,03-3395-3594,info-maruken@maruken-kougyou.co.jp,"玉掛や合図、誘導が最初のお仕事。資格取得後、油圧ショベルの操 縦、さらに適正に応じて重機オペレーターにも挑戦可能です! *選考は面接1回
·既卒中退者の応募:可 3年以内 同一労働条件 書類:履歴書 *選考旅費 弊社規定に図り支給 *遠方の場合出張選考も実施 *職場見学·重機操作体験も随時実施中 く社内レクリエーション> *設立50周年記念旅行はハワイへ
*夏季BBQ大会、ボーリング大会等社内レクリエーションも充実 *お気軽にご相談ください!",適性を考慮した資格取得支援制度あり (取得費用は会社負担)   (例. 移動式クレーン運転士·車両系建設機械運転者·玉掛· ガス·アーク溶接·土木施工管理技士·建築施工管理技士他)  【入社日】令和8年4月1日 【試用期間】3ヶ月 ·初回支給5月25日、申出があれば4月25日に一定額支給可。 ·現場が遠方の場合「出張」、夜間の場合「夜勤」あり。 ·社宅補助制度があり、社内規定による家賃補助があります。 1部屋1人、24平米、勤務先まで3分。 ·昇給は勤務姿勢やスキル等により隨時、3千円~5万円/月。 ※毎年、定期昇給あり。,061,008,008-02,008,008-05,東京都杉並区,,,992-1,,,,,,,,,,,,,2025年10月27日 17:51,2025年10月27日 17:51,PDFアップロード,20251027171511-9.pdf,研究・技術の職業,建築・土木・測量技術者,建築施工管理技術者,建設/建築/土木に関わる,その他(建設/建築/土木に関わる),研究・技術の職業,建築・土木・測量技術者,土木施工管理技術者,建設/建築/土木に関わる,その他(建設/建築/土木に関わる),0
2025,33010-1068259,岡山公共職業安定所,3301-7557-8,可,カブシキガイシャ エリカ,株式会社エリカ,700-0821,岡山県岡山市北区中山下2丁目1-24,,"代表取締役
元井一尋",7260001000909,http://www.orika-net.jp,24,9,昭和59年,"1,000万円",美容室での接客、施術 (ヘアー·メイク)  結婚式場でのブライダル業務,トップスタリストの育成に力を入れ、似合わせやカラー検定など新 しい教育システムを導入。 個人で受ける社外講習費の半額を会社が支援。,正社員,美容師アシスタント,"美容室での接客と施術 キャンペーン等の企画 イベント行事の企画運営
業務変更範囲:なし",704-8191,岡山県岡山市東区西大寺中野367-1 美容室エリカアプロード店,西大寺駅 から 車3分,4,0,0,不問,あり,なし,なし,180000,180000,あり,火 その他,110,可,令和7年11月1日以降,可,随時,代表,元井 一學,セトイ カズヒロ,086-223-5030,086-231-8188,erika-co@erika-net.jp,"*社内研修は、駅前スタジオでのレッスンを含め3年でスタイリス トデビューの教育カリキュラムを用意 *社員旅行等イベントも盛りだくさん! *外部講習の費用を会社が半額支援 *駐車場:有料あり (5,000円/月)  *入社日:令和8年3月21日",*応募前見学は随時行っておりますが、毎週火曜日、日曜日以外で お願いします。 *社会保険など、各種保険も充実して安心して働ける環境を用意し ています。 *結婚後の育児休暇もたくさんの先輩が取得してます。 *結婚後の短時間勤務の正社員制度もあり、安心して長く働ける会 社です。 *美容が好きな人の応募を待っています。 *転勤範囲:岡山市北区中山下2-1-24 ヘアーズアンテナプラス 就業時間の変動あり,783,053,053-02,,,岡山県岡山市東区,,,9週不坏991-1,,,,,,,,,,,,,2025年10月27日 17:51,2025年10月27日 17:51,PDFアップロード,20251027171511-8.pdf,サービスの職業,理容師、美容師、美容関連サービスの職業,美容師,接客/サービスに関わる,ビューティー,,,,,,0
2025,26010-148359,京都西陣公共職業安定所,2601-217326-1,可,カブシキガイシャ ヨコツナ  (ラーメンヨコツナ) ,株式会社 横綱  (ラーメン横綱) ,615-8086,京都府京都市西京区桂乾町11-6,,"代表取締役
河野 和弘",4130001011987,http://www.4527.com,1700,40,昭和47年,"1,000万円",ラーメン専門店「ラーメン横綱」を、京都·大阪·兵庫·和歌山 · 三重·愛知·岐阜·千葉県に41店舗展開しています。,ラーメン業界の中で着実にシェアを伸ばし、関西、東海、関東で確 固たる地位を築いております。,正社員,ラーメン店の店舗スタッフ,新入社員研修を経た後、店舗に配属されます 。※ 店舗では、ラーメン作りを含 む調理全般、基本的な接客マナーや知識を学びます。調理マニュアルや独自の 接客マニュアルがございますので、安心してください 。* 調理·接客の業務全 般を習得した後は、チーフ·副店長として、店長の公休日の店舗運営全般をお 任せします。店舗運営全般には、「アルバイト採用·育成」「仕入れ業務」「 売上·在庫管理」等が含まれ多岐に渡ります 。※ チーフ·副店長として経験を 積んだ後は店長として1店舗の運営全てをお任せすることになります 。※ 応募 前職場見学は随時受け付けます。 (見学は応募の必須条件ではありません)   (変更の範囲:変更なし) ,000-0000,『岸和田店』『平野店』『枚方店』『高槻店』『堺店』『鳳店』 『寝屋川店』『柏原店』『東大阪店』『守口店』『岩出店』『富田 林店』※配属店舗、入社後の異動:通勤圏内で考慮します,,0,0,5,不問,あり,あり,なし,202404,247742,なし,その他,105,可,令和7年10月16日以降,可,随時,人事部 課長,市毛,イチケ,0120-34-4527,075-394-4528,saiyou@4527.com,"*賞与:役職、業績により、社内規定に基づき支給します 。* 昇給  (キャリアアップ) :随時実施しています。記載金額は前年度実績
の平均数字です 。* 所定休日手当:月9時間の休日手当に相当。休
日出勤の有無に関わらず支給。
*控除額40,554円·手取額207,188円
*宿舎:1部屋1人·6畳·勤務先まで5分·宿舎費5,000円
*最大有給日数:20日 *マイカー通勤可:駐車場有 ·無料
*配属先、転勤先:大阪府内·和歌山県の各店舗 *就業場所の 従業員数は全店舗の平均的数値 *応募者数:R6年3月卒13人 R5年3月卒9人 R4年3月卒9人",【エリア内店舗所在地】岩出店以外は大阪府内 『岸和田店』岸和田市『平野店』大阪市平野区『枚方店』枚方市 『高槻店』高槻市『堺店』堺市北区『鳳店』堺市西区 『寝屋川店』寝屋川市『柏原店』柏原市『東大阪店』東大阪市 『守口店』守口市『富田林店』富田林店『岩出店』和歌山県岩出市 ※就業場所の詳細はHP参照 *直近3年の離職率8%  (雇用動向調査調べの飲食業の平均離職率26%)  *昨年度の育児休業取得率100%,761,056,056-03,055,055-08,大阪府岸和田市,大阪府大阪市平野区,大阪府枚方市,"996-1
小",,,,,,,,,,,,,2025年10月27日 17:51,2025年10月27日 17:51,PDFアップロード,20251027171511-12.pdf,サービスの職業,接客・給仕の職業,ウエイター・ウエイトレス（飲食店ホール係） 、配ぜん人,接客/サービスに関わる,接客,サービスの職業,飲食物調理の職業,調理補助者、調理人見習,接客/サービスに関わる,飲食,0
2025,33010-683559,岡山公共職業安定所,3301-616526-5,可,カブシキガイシャ ティーアールエス セイサンギジュツケンキュウショ,株式会社ティーアールエス生産技術研究所,701-1221,岡山県岡山市北区芳賀5321 岡山リサーチパーク,岡山駅 から 車30分,"代表取締役
橋本 健太郎",3030001067140,https://www.trs-web.co.jp,66,64,平成9年,"3,000万円",医療機器の製造販売。 カテーテル治療のための医療器具 (ガイドワイヤ)  メーカーです。,人体に優しい安全な製品の供給を目指しています。一方、新製品の 開発に力を注ぎ、独創性のある商品の提供に努力しております。,正社員,医療機器(ガイドワイヤ)の製造、検査,"投薬では救えない患者さんに対するカテーテル治療のための医療機器  (ガイドワイヤ) の製造、加工、検査に従事してもらいます。  (1)  研磨:芯材を専用機械にて加工  (2)  コーティング:親水性高分子樹脂のコーティング  (3)  加工:ガイドワイヤの先端加工·末端加工  (4) 検査:ガイドワイヤの外観検査  (5)  包装·梱包:出荷のための包装·梱包
上記記載の業務以外に変更はありません。",701-1221,岡山県岡山市北区芳賀5321 岡山リサーチパーク 岡山生産技術研究所 ※「求人条件にかかる特記事項」参照,岡山駅 から 車30分,3,0,0,不問,なし,なし,なし,187000,187000,あり,日祝 その他,123,可,令和7年11月1日以降,可,随時,所長代理,片山,カタヤマ,086-286-8410,086-286-8411,m.katayama@trs-web.co.jp,"· 繁忙期に2シフトを組むことがあります。 朝番: 8:45~17:30 夕番:16:30~ 1:15 ※深夜の時間帯は割増賃金を別途支給 · 無料駐車場あり
·試用期間3カ月の間は基本給-2万円と扶養手当なし ·通勤手当は、公共交通機関の場合は上限30,000円 マイカー通勤の場合は会社からの直線距離に応じての 支給になります ·選考旅費は公共交通機関利用の場合に限り支給します。",·2020年に稼働を開始した岡山生産技術第2研究所 (岡 山市北区富吉3205) へ勤務していただく可能性がありま す。事業所から徒歩約10分の所にあります。 ·本人の希望により海外にある子会社 (フィリピン) への 勤務も可能です。 ·手当は他に扶養手当があります。  (配偶者、18歳未満の子3人まで)  ·入社予定日令和8年4月1日,274,079,079-02,,,岡山県岡山市北区,,,994.1杯,,,,,,,,,,,,,2025年10月27日 17:51,2025年10月27日 17:51,PDFアップロード,20251027171511-11.pdf,製造・修理・塗装・製図等の職業,機械検査工,電気機械器具検査工,生産/製造に関わる,機械検査,,,,,,0
2025,26010-120859,京都西陣公共職業安定所,2601-217327-4,可,カブシキガイシャ ヨコツナショクヒン,株式会社 横綱食品,615-8086,京都府京都市西京区桂乾町11-6,,"代表取締役
河野 和弘",3130001011988,http://www.4527.com,70,70,昭和62年,"1,000万円",ラーメン横綱及び関連グループ各社で提供されている商品の製造· 研究開発、国内外原料調達及び品質管理業務,働きながら専門資格を取得でき (報奨金制度育り) チャレンジする 人を応援する昇進昇給制度を用意しております。無借金経営であり 平均年齢が若く又やりがいのある楽しい会社を目指しています。,正社員,食品の製造,"ラーメン横綱のスープ·麺·餃子をはじめとする食材の製造加工及び品質管理 や新商品の開発など。具体的には餃子の成形作業やチャーシュー用の豚肉のカ ット~ボイル~味付け。小麦粉からの製麺作業などを順番に覚えていっていた だきます。基本的には機械を使っての作業ですので、将来的には機械の整備な どの知識も身につきます。入社後は研修にてビジネスマナーなどを研修で学ん だ後に、製造部門に配属されます。高校新卒の先輩たちが業務の基本を丁寧に 教えてくれる環境ですので、ご安心ください。
変更範囲:変更なし",601-8203,京都府京都市南区久世築山町460-1 『株式会社 横綱食品』,,0,0,1,不問,なし,あり,なし,184917,225000,なし,その他,105,可,令和7年10月16日以降,可,随時,製造本部 課長,清水,シミズ,0120-34-4527,075-394-4528,saiyou@4527.com,"*賞与は役職·業績により、社内規定に基づき支給します。 *昇給は随時実施しています。 *所定休日手当:月9時間の休日手当に相当する金額 休日出勤の有無に関わらず支給します。
*最寄り交通機関:市バス·久世工業団地前バス停下車 徒歩1分 *マイカー通勤 可 (駐車場 あり·無料)  *入社日2026年4月1日予定","*最大有給日数:20日 *賃金控除額:36,880円·手取額:188,120円 *入居可能住宅:あり 1部屋1人·6畳·勤務先まで徒歩5分 宿舍費5,000円 *応募前職場見学歓迎します  (随時/要事前連絡/応募の必須条件ではありません)  *R4年3月卒、令和5年3月卒は応募者なし *R6年3月卒は高卒応募者数4人 4名採用",099,072,072-06,068,068-01,京都府京都市南区,,,1053-1,,,,,,,,,,,,,2025年10月27日 17:51,2025年10月27日 17:51,PDFアップロード,20251027171511-16.pdf,製造・修理・塗装・製図等の職業,製品製造・加工処理工（食料品等）,他の食料品製造・加工処理工,生産/製造に関わる,製造/加工(食料品),製造・修理・塗装・製図等の職業,生産設備オペレーター（食料品等）,食料品生産設備オペレーター,生産/製造に関わる,機械操作,0
2025,12090-465459,船橋公共職業安定所,1209-617972-9,可,カブシキガイシャ トモケン,株式会社 トモケン,273-0122,千葉県鎌ケ谷市東初富4丁目16-16,京成松戸線 鎌ケ谷大仏駅 から 徒歩10分,"代表取締役
佐野 知孝",3040001028249,https://www.tomo-ken.com,90,90,平成8年,"1,000万円",建築材料を壁や天井に取り付け、建物の内装をします。地図に載る 様な大きな現場での作業になります。,大きな現場ばかりなので、仕事がきれる心配がありません。寮も完 備 (個室) されており、住環境も充実しています。,正社員,内装工事(軽鉄·ボード),"●大きなビル等での内装工事 (軽鉄·ボード) です。
例えばディズニーの関連施設や、みずほ銀行本社ビル、東京駅復元工事等、 都内近郊にある地図に載るような著名な建物が多く、東北 (仙台パルコ等)  や、九州 (熊本グランメッセ) などにも大きな工事を手がけております。
【変更範囲:なし】",273-0122,千葉県鎌ケ谷市東初富4丁目16-16,京成松戸線 鎌ケ谷大仏駅 から 徒歩10分,0,0,6,不問,なし,あり,なし,253000,253000,あり,土日 その他,112,可,令和7年10月1日以降,可,随時,代表取締役,佐野 知孝,サノ トモタカ,047-443-4539,047-443-5963,,"●従業員は20代、30代と若手の人が多いです。マンツーマンで 指導いたします。 ●入察中の食事代はかかりません。2年目以降も同様に無料で食事 ができます。 ●土曜日は休みになっていますが、希望があれば出勤できます。 休日手当 (時間外割増) を支給します。 ●応募前職場体験見学は随時可
●福利厚生として、フィットネスジムの利用·野球観戦券·会員制 ホテルが利用可能です。",●試用期間:なし ●宿舎費用:月3万円 (光熱費込み)  ●駐車場代:無料 ※最低賃金の改定により、賃金額が変更になる場合があります。,078,091,091-07,,,千葉県鎌ケ谷市,,,989-1杯,,,,,,,,,,,,,2025年10月27日 17:51,2025年10月27日 17:51,PDFアップロード,20251027171511-6.pdf,建設・土木・電気工事の職業,建設の職業（建設躯体工事の職業を除く）,内装工,建設/建築/土木に関わる,建築,,,,,,0
2025,33030-513159,倉敷中央公共職業安定所,3303-617388-0,可,オオハラコウギョウ カブシキガイシャ,大原工業 株式会社,712-8052,岡山県倉敷市松江1-14-1 水島臨海鉄道,水島駅 から 徒歩32分,"代表取締役社長
大原 拓治",8260002024575,http://www.oohara-kougyou.jp,8,8,平成18年,"1,000万円",官民を問わず各種設備等の配管を、自社工場での製作から現地にお ける取り付けまでを一貫して行っています。建設工事、メンテナン ス等の需要による出張工事にも全国区で対応しています。,"僅か3名のメンバーで創業してから25年が経ち、現在では上場企
業のお客様からも直接お仕事を頂けるまでに成長して参りました。
まだまだ成長途中、新たなメンバーの力を求めています。",正社員,"配管の製作·取付における製作·技術スタッ
フ(プラント建設業における配管工事)","【日常業務:自社工場】
施工計画の下、製作図に従って配管の材料を組み上げていきます。 常に安全第一を心懸け、品質·納期等の条件のクリアを目指します。 作業中における疑問·改善点を、管理·監督者にフィードバックし 施工計画をヌケ·モレの無い様に、補完していく事も大切な仕事です。 【取付時:現地作業場】
所属する作業班をまとめ、他の作業班に関しても、安全·品質面等において 注意喚起を行いながら、現場作業員内の意識改善を促していきます。 *変更範囲:変更なし",712-8052,岡山県倉敷市松江1-14-1,水島臨海鉄道 水島駅 から 徒歩32分,2,0,1,"普通自動車運転免許  (AT限定可 ·取得見込可) 
必須",なし,あり,なし,200000,200000,あり,土日 その他,120,可,令和7年11月1日以降,可,随時,総務課,山本 真矢,ヤマモト シンヤ,086-441-2284,086-441-2294,yamamoto@oohara-kougyou.jp,"·質の高い人材確保及び活用を図る観点から、 『女性のカ』を積極的に活用するため、女性社員の採用の拡大に 目を向けて職場の改善及び既存社員の意識改革を行っています。 ⇒女子トイレの設置、育児·介護休業規定の制度化 ·当社には性別に関わらず、意欲と能力に応じて 全ての社員一人ひとりが仕事に『誇り』と『やりがい』をもって
活躍できる幅広いフィールドがあります。 ·無料駐車場あり","·入社後は職種に応じて 様々な研修に参加して経験を積んでいただきます。 ·会社と仕事に少しづつ慣れて頂ける様、各種教育、技術的指導 資格取得等のサポートを行っています。 ·賞与は一年に2回と、決算賞与あり。  (会社業績による)  ·育児、介護休暇の取得実績あり。  (家庭と仕事の両立)  ·出張工事あり
 (出張手当:2,000/日、食事手当:1,500/日)  · 入社日:令和8年4月1日 ·試用期間有り (3ヶ月·同条件) ",083,091,091-06,091,091-99,岡山県倉敷市,,,98841杯,,,,,,,,,,,,,2025年10月27日 17:51,2025年10月27日 17:51,PDFアップロード,20251027171511-4.pdf,建設・土木・電気工事の職業,建設の職業（建設躯体工事の職業を除く）,配管工,建設/建築/土木に関わる,建築,建設・土木・電気工事の職業,建設の職業（建設躯体工事の職業を除く）,その他の建設の職業,建設/建築/土木に関わる,建築,0
2025,13010-2860959,飯田橋公共職業安定所,1302-300538-1,可,タナカキキンゾクコウギョウ カブシキガイシャ,田中貴金属工業株式会社,103-0025,東京都中央区日本橋茅場町2-6-6,東京メトロ 茅場町駅 から 徒歩1分,"代表取締役社長執行役員
田中 浩一朗",6010001127950,https://www.tanaka.co.jp/,2798,406,明治18年,5億円,貴金属 (プラチナ·金·銀など) を素材とする各種産業用製品の開 発、製造·販売、貴金属地金の輸出入及び売買、貴金属リサイクル,社員間のコミュニケーションを大事にしており、様々なコミュニケ ーション活性化活動やサークルなどで従業員がオンとオフを切り替 えながら仕事をしています。,正社員,総合職(技術系),"「貴金属のトップ企業 貴金属を通じて美しい地球の未来に貢献できる仕事」 産業用貴金属製品の製造
·貴金属リサイクル·化学製品の製造【湘南工場·市川工場·袖ケ浦工場】 · 材料の素材加工、伸線 (ワイヤ) 加工、圧延加工【富岡工場】
·電気接点材料の接合加工、圧延加工などの製造【岩手工場】 ·電気接点、プレス加工、溶接加工、体外診断キットなどの製造【平塚工場】 ·燃料電池用触媒の製造 (製造、梱包、出荷など) 【FC触媒開発センター】 ·旋盤及び研削盤などの機械オペレーター【筑波事業所】
·溶接加工及び板金加工【伊勢原工場】 ※変更範囲:会社の定める業務",254-0021,神奈川県平塚市長瀞2-14 当社湘南工場 他、補足事項参照,東海道線平塚駅 から 車10分,0,0,8,不問,あり,あり,なし,237000,237000,あり,土日 その他,122,不可,,可,補足事項欄参照,人事部人財開発セクション,採用担当者,,03-6311-5544,,jinji-saiyou@ml.tanaka.co.jp,"· 試用期間:3か月 ·就業場所及び転勤の範囲:全国、本社を含む全工場 平塚工場:神奈川県平塚市新町1-75 (変則勤務:13時~21 時45分/17時~1時45分) 、富岡工場:群馬県富岡市ーノ宮 押出820-1 (勤務時間:8時30分~17時15分、変則勤務 :13時~21時45分/18時30分~3時15分/20時30
分~5時15分) 、岩手工場:岩手県奥州市江刺区岩谷堂字松長根 32-3 (変則勤務:17時~1時45分/20時~4時45分) 
、 市川工場:千葉県市川市高谷2015-7 (変則勤務:20時1 5分~5時) ·勤務地は適性に応じて決定します。","袖ヶ浦工場:千葉県袖ヶ浦市椎の森385-17 (変則勤務:20 時15分~5時/13時~21時45分) 、湘南工場· F C触媒開 発センター:神奈川県平塚市長瀞2-14 (変則勤務:あり※部署 によって異なる) 、筑波事業所:茨城県つくば市和台22番地 (変 則勤務:20時~4時45分) 、伊勢原工場:神奈川県伊勢原市鈴 川26 (変則勤務:17時~1時45分/20時~4時45分)  · 宿舍費:16,000円 ·応募前職場見学:7月28日PM、8月18日PM予定 · 赴任· 選考 · 応募前職場見学旅費:実費支給 · マイカー通勤:駐車場無料、規定あり",231,067,067-01,071,071-01,神奈川県平塚市,,,993-1个月,,,,,,,,,,,,,2025年10月27日 17:51,2025年10月27日 17:51,PDFアップロード,20251027171511-10.pdf,製造・修理・塗装・製図等の職業,生産設備オペレーター（金属製品）,製銑・製鋼・非鉄金属製錬設備オペレーター,生産/製造に関わる,機械操作,製造・修理・塗装・製図等の職業,製品製造・加工処理工（金属製品）,製銑工、製鋼工、非鉄金属製錬工,生産/製造に関わる,製造/加工(金属),0
2025,33030-572559,倉敷中央公共職業安定所,3303-617243-7,可,カブシキガイシャ ハローズ,株式会社 ハローズ,701-0393,岡山県都窪郡早島町早島3270番地1,JR早島駅 から 徒歩30分,"代表取締役社長
佐藤 利行",7240001031724,https://www.halows.com,11089,209,昭和33年,"54億9,193万円",スーパーマーケット,"瀬戸内海を中心とした 7県に24時間営業のスーパーマーケットを
展開しています。ビジョンは「西日本5000億円構想」です。プ
ライム市場に上場をしています。",正社員,販売,"·来店されたお客様に担当している商品の販売や売り場への案内をします。 ·担当に分かれて仕事をします。 (青果、鮮魚、精肉、惣菜、フロア、レジ)  ·担当している商品の加工やトレーに盛り付ける等の作業を行います。 · 季節ごとのイベント (ひな祭り、お正月、バレンタインなど) に合わせて 商品の販売場所を変えたり、補充も行います。
·将来は店舗で保管している商品の数を確認して発注を行います。 ·先輩従業員が1つ1つの作業を丁寧に教えていきます。
·事務所内でパソコンを使った事務作業を行います。 ※変更範囲:異動辞令による",000-0000,広島県·岡山県·香川県·愛媛県·徳島県·兵庫県·山口県のハロ ーズ各店舗 (※自宅から通える店舗への配属を優先します。),,40,0,0,"あれば尚可
普通自動車運免許 (AT限定可)  (取得見込可) 
【求める人物像】 ·チームで協力し、目標に向かって頑張れる人 ·地域に貢献したい人",あり,,,234500,234500,あり,その他,115,可,令和7年11月1日以降,可,随時,人事教育部採用教育課,福田 · 藤原,フクダ·フジワラ,086-483-2782,086-483-1117,saiyou@halows.co.jp,"· 入社して1年間は社会人に必要なマナー研修を行います。 ·入社して2年目以降もレベルに合わせた研修を行います。 ·連休が取得できるリフレッシュ休暇制度があり、プライベートも 充実できます。全国のレジャー施設、スポーツ観戦、映画、宿泊 等の割引制度があります。
·一人暮らしの場合 (会社が認めた) は毎月家賃の一部4万円を支 給します。 ·くるみん取得企業で産休·育休·短時間勤務制度等があります。 ·従業員買い物優遇制度があります。 ·慶弔金制度 (結婚祝い、出産祝い、災害見舞金等) があります。","※職場見学も希望の日時·店舗で受付ております (電話·FAX)  ※試用期間:あり (3か月 条件変更なし)  ※入社日:令和8年4月1日 ※入社1年目は広島県·岡山県·香川県·愛媛県 (東部·西部の 選択可) 、徳島県、兵庫県、山口県の11地区の1つを選んで勤務
していただきます。担当地区内の転勤の可能性あり。 ※2年目以降は総合職コース、担当専任職 (エリア限定)  コースの どちらかを選択していただきます。 給与は総合職:234,500円、担当専任職:213,500円 となります。",561,045,045-05,,,岡山県倉敷市,広島県福山市,香川県高松市,998个杯,,,,,,,,,,,,,2025年10月27日 17:51,2025年10月27日 17:51,PDFアップロード,20251027171511-14.pdf,販売・営業の職業,販売員,食品スーパーマーケット販売店員,販売に関わる,販売,,,,,,0
2025,27020-925359,梅田公共職業安定所,2702-435025-1,可,カブシキガイシャ フォービル,株式会社 フォービル,535-0003,大阪府大阪市旭区中宮3-14-28,,"代表取締役会長
森本 隆之",6120001112248,http://www.forbuild.co.jp,61,43,大正11年,"2,450万円",お得意先は清水建設など大手ゼネコンから 型枠工事を中心に営業 しています。一般建築工事、躯体一式工事も施工しており、各種施 工図面や仮設構造計算·躯体数量積算も行います。,常に技能·技術力の向上を目指し、高品質をモットーとしています 社名のフォービルは、for Build「建物のために」とい う意味から付けられました。,正社員,型枠技能職(型枠大工),"型枠とは、建物となるコンクリートを流し込み、成型、硬化させる合板製の 枠組で、強度を持たせるために鋼製のパイプや支柱で補強したものです。 型枠大工は、設計図を読みとり、電気のこぎりで合板を切断し、ハンマーで 釘止めしながら型枠を組み立てます。建設現場での屋外労働で、高所作業や 重量物の運搬もあり、体力を必要とします。
造る建物は大きなビルやマンションです。
※詳しい職場の雰囲気や仕事内容は、ヤフー·グーグルで「ハリケンナビ」で 検索してください! 【変更範囲:変更なし]",000-0000,大阪府及び大阪府周辺の建設現場,,0,,10,不問,なし,あり,なし,230000,230000,あり,土日祝,124,可,令和7年10月1日以降,可,随時,取締役工事部長,内山 達夫,ウチヤマ タツオ,06-6955-5151,06-6955-5959,postmaster@foruild.co.jp,"高精度·高品質をモットーにレベルの高い技能集団をめざします。 建設現場での仕事は服が汚れたり、寒さや暑さという厳しい条件下 で行いますが、自らの手でモノを作る喜びと、共に励む仲間もいて 、仕事の達成感は大きいと思います。一人前の型枠大工になるには 7年ぐらいの修練が必要です。技能レベルは高く高難度の建物はさ
らに修練が必要となります。工事を行う現場の地域は大阪府近辺で すが、まれに泊まり込みを伴う出張もあります。 ·今年は、高卒入社者を3名採用しており皆さん一生懸命頑張って くれております。地方出身の先輩も多く活躍しておりますので安 心してご応募ください。","·住宅は会社にてご用意致しますのでご安心ください。  (会社名義、住宅契約に係る費用は、全額会社負担いたします。)  ·選考旅費、赴任旅費は当社にて全額支給致します。 ·職場見学も随時受付けておりますのでお気軽にお問合せ下さい。 ·寮は会社近くのマンションを借上げますので、寮費として 家賃の半分を負担して頂きます。 (目安2万円前後)  ·賞与は業績に応じて別途支給致します。 · 建設キャリアアップシステム登録事業者です。 【公開求人】 *試用期間3ヶ月、その間は日給11,000円",061,090,090-01,,,大阪府大阪市旭区,,,990-1长,,,,,,,,,,,,,2025年10月27日 17:51,2025年10月27日 17:51,PDFアップロード,20251027171511-7.pdf,建設・土木・電気工事の職業,建設躯体工事の職業,型枠大工,建設/建築/土木に関わる,建設,,,,,,0
2025,33030-613759,倉敷中央公共職業安定所,3303-615863-3,可,カブシキガイシャ コウチン,株式会社 廣珍,713-8102,岡山県倉敷市玉島1713-14,,代表取締役 堀 広司,7260001013282,www.kouchin.jp,80,80,昭和34年,"1,000万円",「中国料理 廣珍」·「和食の里 あずまや玉島店」·ラーメン専 門店「麺や 廣 玉島店」「ヒロマル」「中華食堂コウチン」の5 店舗で外食産業を営業しています。,みんなの「美味しい!」のために、いつも笑顔でやりがいのある職 場を目指している。歓迎会、新年会、ランチミーティング、繁盛店 研修があります。,正社員,"中国料理·和食の料理人だけでなく、
接客·マネジメントまで幅広いお仕事","○美味しいお料理でお客様を喜ばせたい!その気持ちが一番大切です。 ○まずは調理師見習いとして、包丁·ナべの扱いなどの基礎を徹底的に マスターしてもらいます。そして徐々に、お客様に食べてもらう料理を 作れるようにします。2年目ぐらいからは、いろんな料理を作るのは モチロン、接客、管理業務もこなして頂きます。季節、新メニューの研究、 開発もスタッフ全員で行っています。作業内容ごとにマニュアルがあるた め、マニュアルに沿って丁寧にトレーニングしていきます。
○先輩社員に相談しやすい環境づくりに努めています。 分からないこと困ったことは先輩社員がフォローしてくれます。",713-8102,· 【廣珍】岡山県倉敷市玉島1713-14·【あずまや】岡山県,倉敷市玉島1713-22 ·【麺や廣】岡山県倉敷市玉島爪崎98 1-1·【コウチン平田店】岡山県倉敷市平田347-2 山陽本線 新倉敷駅 から 車5分,2,0,0,不問,あり,あり,なし,169000,197100,あり,その他,108,可,令和7年11月1日以降,可,随時,社長,堀 広司,ホリ ヒロシ,090-2001-3924,086-522-5189,kouchin0307@gmail.com,"★  (株) 廣珍は「中華料理 廣珍」·「和食の里 あずまや玉島 店」· ラーメン専門店「麺や廣 玉島店」·「ヒロマル」 (生 餃子·お惣菜)  ·「中華食堂コウチン平田店」の5店舗で倉敷市 内に外食産業を展開しており、今後も新店舗出店の計画がありま す。 ★「ヤル気」と「根気」があれば大丈夫です。「頑張った分」だけ 仕事は覚えられる !! しっかり修行すれば「手に職がつく」ので
自分の夢 (独立して自分の店) も持てる。 (株) 廣珍はアナタの
元気·笑顔を待っています!|★歓迎会·繁盛店研修·バーベキ ュー·忘年会★職種、職場は適正を見て相談の上決めましょう",〈営業時間〉 中国料理 廣珍 :11時~14時· 17時~21時 定休:水 和食の里あずまや:11時~15時·17~21時 麺や廣 玉島店 :11時~22時 中華食堂コウチン平田店 :11時~22時 *4店舗のいずれかでの勤務になります。就業時間は営業時間内の シフト制。基本的に中華·和食·ラーメンいずれの業態の店舗 でも働くことが可能です 。* 昇給は、会社及び本人実績による。 *業務の変更範囲:変更なし *転勤範囲:現状上記4店舗 *試用期間なし *入社日:令和8年4月1日,761,055,055-03,055,055-01,岡山県倉敷市,,,986-1杯,,,,,,,,,,,,,2025年10月27日 17:51,2025年10月27日 17:51,PDFアップロード,20251027171511-1.pdf,サービスの職業,飲食物調理の職業,中華料理調理人,接客/サービスに関わる,飲食,サービスの職業,飲食物調理の職業,日本料理調理人,接客/サービスに関わる,飲食,0
2025,34050-432059,福山公共職業安定所,3405-302990-6,可,カブシキガイシャ エブリイ,株式会社 エブリイ,721-0973,広島県福山市南蔵王町1丁目6-11,,"代表取締役社長
岡崎 浩樹",2240001047246,https://www.super-every.co.jp,4747,100,平成元年,"3,000万円",スーパーマーケット事業、外食·給食事業、夕食材料宅配事業、障 がい者支援事業などを展開するエブリイホーミーグループの1つで あり、地域密着のスーパーマーケットです,「地域に愛されるお店」を目指し広島、岡山、香川県下に展開する 地域密着の食品スーパーマーケット 。※ 会社の特徴、先輩情報等、 ホームページで公開しています。,正社員,総合職,"入社後はお客様に一番近い、店舗スタッフとして配属になります。 私たちは、創業から変わらない「美味しいもので周りの方々に 喜んでいただきたい」という商人の原点を大切に、魅力的な お店づくりのために創意工夫をし続けています。
具体的な仕事内容として、最初は取扱う食材を知るところから 始まります。そこから徐々に商品作り·売場作りを学んでいき、 商品の仕入れや利益管理等を担当してもらいます。
【業務の変更範囲】 店舗のチーフ ·店長 グループ企業:商品開発 本部:人事 ·経理",000-0000,広島·岡山·香川県内のうちいずれか (本人の希望を考慮します),,20,0,0,"必須 普通自動車免許 (A T限定可) 
※入社後の取得でも可",あり,なし,なし,188000,230000,あり,その他,108,可,令和7年10月1日以降,可,随時,人事部,藤原 友幹,フジワラ ユキ,084-982-9742,084-931-4712,y_fujiwara@everyhomey.co.jp,"職場見学会を広島·岡山·香川エリアで実施中! 近隣の店舗、ご都合の合う日程でご参加下さい。
お電話にてご予約を承ります。
詳細はご予約していただいた際に、FAXにてご連絡いたします。
【転勤の範囲】配属されたエリア内の店舗  (広島エリア·福山エリア·岡山エリア·香川エリア) 
※本人の希望により、エリア外の異動も可能です。","· 1次選考:筆記試験 · 面接 (個人) …結果2日以内
2次選考:面接 (役員) …結果2日以内 · エリア限定採用あり
· 複数応募開始日は各都道府県の規定に準ずる  (求人票には広島県の規定を記載) 
·メンター制度補足:新入社員の配属店舗のスタッフが メンターとなり、新入社員に寄添いチャレンジを応援。 月に一回の個別面談も実施しております。
·就業時間は、シフトにより決定します。
· 試用期間: 3ヶ月 ·無料駐車場あり",581,045,045-05,,,広島県福山市,岡山県岡山市北区,香川県高松市,999-1,,,,,,,,,,,,,2025年10月27日 17:51,2025年10月27日 17:51,PDFアップロード,20251027171511-15.pdf,販売・営業の職業,販売員,食品スーパーマーケット販売店員,販売に関わる,販売,,,,,,0
2025,13070-521159,渋谷公共職業安定所,1307-333352-3,可,ヒガシニホンリョカクテツドウカブシキガイシャ,東日本旅客鉄道株式会社,151-8578,東京都渋谷区代々木2-2-2,各線 新宿駅 から 徒歩5分,"代表取締役社長
喜勢 陽一",9011001029597,https://www.jreast.co.jp,44790,44570,昭和62年,"2,000億円",輸送サービス、生活サービス、IT :Suicaサービスなど。,"「究極の安全」と「すべての""ヒト”の心豊かな生活の実現」を目
指し、当社の強みであるリアルなネットワークとデジタルを掛け合
わせ、新しい暮らしの提案や新領域への挑戦に取り組んでいます。",正社員,地域総合職,地域総合職は、各エリアを軸として地域社会の発展に深く貢献するとともに、 それぞれのエリアの事業運営の中核を担う人材として、幅広いフィールドで活 躍することを期待しています。入社後は、みどりの窓口、改札やホームなどで の駅業務、車掌や運転士などの乗務員業務、または鉄道車両、機械設備、線路 、土木、建物、電気設備の各種鉄道施設の保守管理、工事監督業務などに従事 します。 【変更の範囲:会社の定める業務】,999-9999,首都圏、高崎、水戸、長野、仙台、盛岡、秋田、新潟の8エリア※ 首都圏エリアは東京·横浜·八王子·大宮·千葉※正式な配属先は 2026年3月通知,,0,0,120,不問,あり,あり,あり,185100,232865,あり,その他,114,不可,,可,補足事項欄参照,人財戦略部 マネージャー,奥村 継一,オクムラ ツグカズ,03-5334-1329,,,"○仕事内容は「駅·乗務員」「車両」「機械設備」「土木」「建築 」「列車制御システム·エネルギー·情報通信」から選択いただき ます。〇就業場所は首都圏、高崎、水戸、長野、仙台、盛岡、秋田
、新潟から選択いただきます 。※ 転勤は同一エリア内が基本となり ます。但し、新幹線に関わる業務を担当する場合や能力·意欲など
に応じて、エリア外での勤務やグループ会社などへ出向する場合も
あります。○都市手当は地域により異なります。 (0円~2776
5円)  ○次年度賃金改正 (増額) を予定〇試用期間は6ヶ月となり
ます。○選考旅費·赴任旅費:実費支給 (上限なし) 〇入居可能住 宅あり (詳細はお問い合わせください) ",○鉄道営業法第21条、鉄道に関する技術上の基準を定める省令第 10条、動力車操縦者運転免許に関する省令第8条、第8条の2、 鉄道に関する技術上の基準を定める省令等の制定に伴う取扱いにつ いて (平成14年3月8日付け国鉄技第164号鉄道局技術企画課 長通知) に基づき、列車等の運転に直接関係する作業に従事するた め、裸眼視力または矯正視力が各眼0.7以上かつ両眼で1. 0以 上で、色覚が正常であることが必要です。その他、職務遂行上必要。 な適性や能力を判断するための健康診断 (聴力·問診等) を実施し ます。○選考場所は別途学校経由で本人に通知します。○選考日は 9月16日、17日です。 渋ー646,421,087,087-01,042,042-01,東京都渋谷区,,,997-1杯,,,,,,,,,,,,,2025年10月27日 17:51,2025年10月27日 17:51,PDFアップロード,20251027171511-13.pdf,配送・輸送・機械運転の職業,鉄道・船舶・航空機運転の職業,鉄道運転士,運輸/物流に関わる,鉄道/船舶/航空,事務的職業,運輸・郵便事務の職業,旅客・貨物係事務員,事務に関わる,物流事務,0
2025,33010-793959,岡山公共職業安定所,3301-6686-8,可,カブシキガイシャ コウエイドウ,株式会社 廣榮堂,703-8245,岡山県岡山市中区藤原60,山陽本線 高島駅 から 徒歩15分,代表取締役 武田 浩一,1260001002299,https://koeido.co.jp/,144,46,明治前3年,"7,500万円",各種和菓子の製造、販売業,"安政3年 (1856年) の創業以来、岡山名物きびだんごを主とし
て各種和菓子の製造販売を行っています。創業からの信頼を大切に
しながら、時代の変化を捉え新たな価値を創造します。",正社員,岡山市·倉敷市/販売,"※廣榮堂の各直営店で、店長·副店長を目指して販売をしていただきます。
1) 各直営店 (中納言本店、藤原店、さんすて岡山店、倉敷店、倉敷雄鶏店、
岡山高島屋店、天満屋岡山店) において当社の製品、和菓子の販売を行いま
す。店舗でのイベント企画、POPづくり、商品提案など様々な業務を経験
することができます。
2) 商品の発注、受入、在庫管理、売上集計等の業務を行っていただきます。
変更範囲:会社が定める業務",703-8245,"中納言本店、藤原店、さんすて岡山店、倉敷店、倉敷雄鶏店、岡山
高島屋店、天満屋岡山店",,2,0,0,不問,あり,なし,なし,210000,210000,あり,その他,111,不可,,可,補足事項欄参照,人材力開発部,松浦 菜美,マツウラ ナミ,086-271-0001,086-272-4547,jinji@koeido.co.jp,"1) 入社後、研修を受けていただいた後に配属となります。
2) 休日は予め定めた年間休日カレンダーに基づき111日です。
3) GW、お盆、年末年始、行楽シーズン等繁閑の差が大きい業界
です。
4) 工場見学 (応募前職場見学実施日) 
7/24、8/5 10:00〜11:30
日程が合わない場合は、ご連絡下さい。
7月中は工場の改修工事のため、一部見学できません。
*応募前職場見学への参加を歓迎しています。
*採用時は岡山県内の店舗に配属となります。","·転勤範囲:会社が定める場所
·給与形態は日給月給制です。
·就業開始時間及び終了時間は、配属先店舗により異なります。
·マイカー通勤の場合の駐車場:駐車料金2,000円/月。
 (試用期間中は、特別な場合を除きマイカー通勤不可) 
·試用期間:2か月 (時給1,050円) 
·入社予定日:令和8年4月1日",097,045,045-06,,,岡山県岡山市北区,岡山県岡山市中区,岡山県倉敷市,,,,,,,,,,,,,,2025年10月10日 11:12,2025年10月10日 11:12,バーコードスキャン,求人番号_33010-793959.pdf,販売・営業の職業,販売員,飲食料品販売店員,販売に関わる,販売,,,,,,0
